CREATE DATABASE monitoring_website;

USE monitoring_website;

DROP TABLE IF EXISTS `user`;

CREATE TABLE `user` (
  `id` int(11) NOT NULL AUTO_INCREMENT,
  `email` varchar(255) NOT NULL,
  `password` varchar(255) NOT NULL,
  `is_admin` tinyint(1) NOT NULL,
  PRIMARY KEY (`id`)
) ENGINE=InnoDB AUTO_INCREMENT=1 DEFAULT CHARSET=utf8mb4;

LOCK TABLES `user` WRITE;
INSERT INTO `user` VALUES (1,'admin@gmail.com','$argon2i$v=19$m=512,t=2,p=2$07qXMsb4P4fQ+p9T6l3rvQ$hWU817VMNDP/E9l21rYOKQ',1),(2,'user@gmail.com','$argon2i$v=19$m=512,t=2,p=2$07qXMsb4P4fQ+p9T6l3rvQ$hWU817VMNDP/E9l21rYOKQ',0);
UNLOCK TABLES;



DROP TABLE IF EXISTS `website`;

CREATE TABLE `website` (
  `id` int(11) NOT NULL AUTO_INCREMENT,
  `link` varchar(255) NOT NULL,
  `warning_message` datetime,
  PRIMARY KEY (`id`)
) ENGINE=InnoDB AUTO_INCREMENT=1 DEFAULT CHARSET=utf8mb4;

LOCK TABLES `website` WRITE;
INSERT INTO `website` VALUES (1,'https://guillaumehanotel.com/', NULL),(2,'https://thelittleminer.000webhostapp.com/', NULL),(13,'https://github.com/guillaumehanotel/', NULL),(14,'http://httpbin.org/status/404', NULL),(15,'http://httpbin.org/status/500', NULL),(16,'httpx://invalid/url', NULL);
UNLOCK TABLES;



DROP TABLE IF EXISTS `historique`;

CREATE TABLE `historique` (
  `id` int(11) NOT NULL AUTO_INCREMENT,
  `status` int(3) NOT NULL,
  `date` datetime NOT NULL,
  `website_id` int(11) NOT NULL,
  PRIMARY KEY (`id`),
  KEY `FOREIGN_KEY_historique_website` (`website_id`),
  CONSTRAINT `FOREIGN_KEY_historique_website` FOREIGN KEY (`website_id`) REFERENCES `website` (`id`)
) ENGINE=InnoDB AUTO_INCREMENT=1 DEFAULT CHARSET=utf8mb4;

LOCK TABLES `historique` WRITE;
INSERT INTO `historique` VALUES (1,200,'2018-04-05 12:00:30',1),(2,200,'2018-04-05 12:00:31',2),(3,200,'2018-04-05 12:00:32',13),(4,404,'2018-04-05 12:00:32',14),(5,500,'2018-04-05 12:00:33',15),(6,999,'2018-04-05 12:00:33',16),(7,200,'2018-04-05 12:02:30',1),(8,999,'2018-04-05 12:02:36',2),(9,999,'2018-04-05 12:02:39',13),(10,404,'2018-04-05 12:02:39',14),(11,999,'2018-04-05 12:02:42',15),(12,999,'2018-04-05 12:02:42',16),(13,200,'2018-04-05 12:04:30',1),(14,200,'2018-04-05 12:04:31',2),(15,200,'2018-04-05 12:04:32',13),(16,404,'2018-04-05 12:04:32',14),(17,500,'2018-04-05 12:04:32',15),(18,999,'2018-04-05 12:04:32',16),(19,200,'2018-04-05 12:06:30',1),(20,200,'2018-04-05 12:06:31',2),(21,200,'2018-04-05 12:06:32',13),(22,404,'2018-04-05 12:06:32',14),(23,500,'2018-04-05 12:06:32',15),(24,999,'2018-04-05 12:06:32',16),(25,200,'2018-04-05 12:08:30',1),(26,200,'2018-04-05 12:08:31',2),(27,200,'2018-04-05 12:08:32',13),(28,404,'2018-04-05 12:08:32',14),(29,500,'2018-04-05 12:08:32',15),(30,999,'2018-04-05 12:08:32',16),(31,200,'2018-04-05 12:12:03',1),(32,200,'2018-04-05 12:12:04',2),(33,200,'2018-04-05 12:12:05',13),(34,404,'2018-04-05 12:12:06',14),(35,500,'2018-04-05 12:12:06',15),(36,999,'2018-04-05 12:12:06',16),(37,200,'2018-04-05 12:14:03',1),(38,200,'2018-04-05 12:14:07',2),(39,200,'2018-04-05 12:14:08',13),(40,404,'2018-04-05 12:14:08',14),(41,500,'2018-04-05 12:14:08',15),(42,999,'2018-04-05 12:14:08',16),(43,200,'2018-04-05 12:16:03',1),(44,200,'2018-04-05 12:16:04',2),(45,200,'2018-04-05 12:16:06',13),(46,404,'2018-04-05 12:16:06',14),(47,500,'2018-04-05 12:16:06',15),(48,999,'2018-04-05 12:16:06',16),(49,200,'2018-04-06 04:25:32',1),(50,200,'2018-04-06 04:25:36',2),(51,200,'2018-04-06 04:25:37',13),(52,404,'2018-04-06 04:25:39',14),(53,500,'2018-04-06 04:25:39',15),(54,999,'2018-04-06 04:25:39',16),(55,200,'2018-04-06 04:27:31',1),(56,200,'2018-04-06 04:27:33',2),(57,200,'2018-04-06 04:27:34',13),(58,404,'2018-04-06 04:27:34',14),(59,500,'2018-04-06 04:27:34',15),(60,999,'2018-04-06 04:27:34',16),(61,200,'2018-04-06 04:29:32',1),(62,200,'2018-04-06 04:29:35',2),(63,200,'2018-04-06 04:29:37',13),(64,404,'2018-04-06 04:29:38',14),(65,500,'2018-04-06 04:29:41',15),(66,999,'2018-04-06 04:29:41',16),(67,200,'2018-04-06 04:31:31',1),(68,200,'2018-04-06 04:31:32',2),(69,200,'2018-04-06 04:31:33',13),(70,404,'2018-04-06 04:31:34',14),(71,500,'2018-04-06 04:31:34',15),(72,999,'2018-04-06 04:31:34',16),(73,200,'2018-04-06 04:33:31',1),(74,200,'2018-04-06 04:33:34',2),(75,200,'2018-04-06 04:33:35',13),(76,404,'2018-04-06 04:33:35',14),(77,500,'2018-04-06 04:33:35',15),(78,999,'2018-04-06 04:33:35',16),(79,200,'2018-04-06 04:35:31',1),(80,200,'2018-04-06 04:35:32',2),(81,200,'2018-04-06 04:35:33',13),(82,404,'2018-04-06 04:35:34',14),(83,500,'2018-04-06 04:35:34',15),(84,999,'2018-04-06 04:35:34',16),(85,200,'2018-04-06 04:37:32',1),(86,200,'2018-04-06 04:37:36',2),(87,200,'2018-04-06 04:37:39',13),(88,404,'2018-04-06 04:37:39',14),(89,500,'2018-04-06 04:37:40',15),(90,999,'2018-04-06 04:37:40',16),(91,200,'2018-04-06 04:39:33',1),(92,200,'2018-04-06 04:39:35',2),(93,200,'2018-04-06 04:39:37',13),(94,404,'2018-04-06 04:39:38',14),(95,500,'2018-04-06 04:39:39',15),(96,999,'2018-04-06 04:39:39',16),(97,200,'2018-04-06 04:41:33',1),(98,200,'2018-04-06 04:41:34',2),(99,200,'2018-04-06 04:41:35',13),(100,404,'2018-04-06 04:41:36',14),(101,500,'2018-04-06 04:41:37',15),(102,999,'2018-04-06 04:41:37',16),(103,200,'2018-04-06 04:43:32',1),(104,200,'2018-04-06 04:43:34',2),(105,200,'2018-04-06 04:43:36',13),(106,404,'2018-04-06 04:43:36',14),(107,500,'2018-04-06 04:43:37',15),(108,999,'2018-04-06 04:43:37',16),(109,200,'2018-04-06 04:45:32',1),(110,200,'2018-04-06 04:45:36',2),(111,200,'2018-04-06 04:45:37',13),(112,404,'2018-04-06 04:45:38',14),(113,500,'2018-04-06 04:45:38',15),(114,999,'2018-04-06 04:45:38',16),(115,200,'2018-04-06 04:47:32',1),(116,200,'2018-04-06 04:47:34',2),(117,200,'2018-04-06 04:47:36',13),(118,404,'2018-04-06 04:47:36',14),(119,500,'2018-04-06 04:47:37',15),(120,999,'2018-04-06 04:47:37',16),(121,200,'2018-04-06 04:49:32',1),(122,200,'2018-04-06 04:49:35',2),(123,200,'2018-04-06 04:49:40',13),(124,404,'2018-04-06 04:49:40',14),(125,500,'2018-04-06 04:49:41',15),(126,999,'2018-04-06 04:49:41',16),(127,200,'2018-04-06 04:51:31',1),(128,200,'2018-04-06 04:51:34',2),(129,200,'2018-04-06 04:51:35',13),(130,404,'2018-04-06 04:51:35',14),(131,500,'2018-04-06 04:51:35',15),(132,999,'2018-04-06 04:51:35',16),(133,200,'2018-04-06 04:53:32',1),(134,200,'2018-04-06 04:53:34',2),(135,200,'2018-04-06 04:53:36',13),(136,404,'2018-04-06 04:53:36',14),(137,500,'2018-04-06 04:53:37',15),(138,999,'2018-04-06 04:53:37',16),(139,200,'2018-04-06 04:55:31',1),(140,200,'2018-04-06 04:55:33',2),(141,200,'2018-04-06 04:55:36',13),(142,404,'2018-04-06 04:55:37',14),(143,500,'2018-04-06 04:55:37',15),(144,999,'2018-04-06 04:55:37',16),(145,200,'2018-04-06 04:57:31',1),(146,200,'2018-04-06 04:57:33',2),(147,200,'2018-04-06 04:57:34',13),(148,404,'2018-04-06 04:57:35',14),(149,500,'2018-04-06 04:57:35',15),(150,999,'2018-04-06 04:57:35',16),(151,200,'2018-04-06 04:59:31',1),(152,200,'2018-04-06 04:59:32',2),(153,200,'2018-04-06 04:59:34',13),(154,404,'2018-04-06 04:59:35',14),(155,500,'2018-04-06 04:59:35',15),(156,999,'2018-04-06 04:59:35',16),(157,200,'2018-04-06 05:01:32',1),(158,200,'2018-04-06 05:01:34',2),(159,200,'2018-04-06 05:01:36',13),(160,404,'2018-04-06 05:01:37',14),(161,500,'2018-04-06 05:01:37',15),(162,999,'2018-04-06 05:01:37',16),(163,200,'2018-04-06 05:03:31',1),(164,200,'2018-04-06 05:03:32',2),(165,200,'2018-04-06 05:03:33',13),(166,404,'2018-04-06 05:03:34',14),(167,500,'2018-04-06 05:03:34',15),(168,999,'2018-04-06 05:03:34',16),(169,200,'2018-04-06 05:05:31',1),(170,200,'2018-04-06 05:05:32',2),(171,200,'2018-04-06 05:05:33',13),(172,404,'2018-04-06 05:05:34',14),(173,500,'2018-04-06 05:05:34',15),(174,999,'2018-04-06 05:05:34',16),(175,200,'2018-04-06 05:07:31',1),(176,200,'2018-04-06 05:07:32',2),(177,200,'2018-04-06 05:07:33',13),(178,404,'2018-04-06 05:07:34',14),(179,500,'2018-04-06 05:07:34',15),(180,999,'2018-04-06 05:07:34',16),(181,200,'2018-04-06 05:09:31',1),(182,200,'2018-04-06 05:09:32',2),(183,200,'2018-04-06 05:09:34',13),(184,404,'2018-04-06 05:09:34',14),(185,500,'2018-04-06 05:09:34',15),(186,999,'2018-04-06 05:09:34',16),(187,200,'2018-04-06 05:11:31',1),(188,200,'2018-04-06 05:11:32',2),(189,200,'2018-04-06 05:11:33',13),(190,404,'2018-04-06 05:11:33',14),(191,500,'2018-04-06 05:11:34',15),(192,999,'2018-04-06 05:11:34',16),(193,200,'2018-04-06 05:13:31',1),(194,200,'2018-04-06 05:13:33',2),(195,200,'2018-04-06 05:13:34',13),(196,404,'2018-04-06 05:13:35',14),(197,500,'2018-04-06 05:13:35',15),(198,999,'2018-04-06 05:13:35',16),(199,200,'2018-04-06 05:15:31',1),(200,200,'2018-04-06 05:15:33',2),(201,200,'2018-04-06 05:15:34',13),(202,404,'2018-04-06 05:15:35',14),(203,500,'2018-04-06 05:15:35',15),(204,999,'2018-04-06 05:15:35',16),(205,200,'2018-04-06 05:17:32',1),(206,200,'2018-04-06 05:17:32',2),(207,200,'2018-04-06 05:17:34',13),(208,404,'2018-04-06 05:17:34',14),(209,500,'2018-04-06 05:17:34',15),(210,999,'2018-04-06 05:17:34',16),(211,200,'2018-04-06 05:19:31',1),(212,200,'2018-04-06 05:19:32',2),(213,200,'2018-04-06 05:19:33',13),(214,404,'2018-04-06 05:19:34',14),(215,500,'2018-04-06 05:19:34',15),(216,999,'2018-04-06 05:19:34',16),(217,200,'2018-04-06 05:21:32',1),(218,200,'2018-04-06 05:21:33',2),(219,200,'2018-04-06 05:21:34',13),(220,404,'2018-04-06 05:21:35',14),(221,500,'2018-04-06 05:21:35',15),(222,999,'2018-04-06 05:21:35',16),(223,200,'2018-04-06 05:23:31',1),(224,200,'2018-04-06 05:23:32',2),(225,200,'2018-04-06 05:23:33',13),(226,404,'2018-04-06 05:23:33',14),(227,500,'2018-04-06 05:23:34',15),(228,999,'2018-04-06 05:23:34',16),(229,200,'2018-04-06 05:25:31',1),(230,200,'2018-04-06 05:25:32',2),(231,200,'2018-04-06 05:25:33',13),(232,404,'2018-04-06 05:25:35',14),(233,500,'2018-04-06 05:25:35',15),(234,999,'2018-04-06 05:25:35',16),(235,200,'2018-04-06 05:27:31',1),(236,200,'2018-04-06 05:27:35',2),(237,200,'2018-04-06 05:27:36',13),(238,404,'2018-04-06 05:27:36',14),(239,500,'2018-04-06 05:27:37',15),(240,999,'2018-04-06 05:27:37',16),(241,200,'2018-04-06 05:29:31',1),(242,200,'2018-04-06 05:29:32',2),(243,200,'2018-04-06 05:29:33',13),(244,404,'2018-04-06 05:29:34',14),(245,500,'2018-04-06 05:29:34',15),(246,999,'2018-04-06 05:29:34',16),(247,200,'2018-04-06 05:31:31',1),(248,200,'2018-04-06 05:31:33',2),(249,200,'2018-04-06 05:31:34',13),(250,404,'2018-04-06 05:31:35',14),(251,500,'2018-04-06 05:31:35',15),(252,999,'2018-04-06 05:31:35',16),(253,200,'2018-04-06 05:33:32',1),(254,200,'2018-04-06 05:33:33',2),(255,200,'2018-04-06 05:33:34',13),(256,404,'2018-04-06 05:33:34',14),(257,500,'2018-04-06 05:33:34',15),(258,999,'2018-04-06 05:33:34',16),(259,200,'2018-04-06 05:35:31',1),(260,200,'2018-04-06 05:35:32',2),(261,200,'2018-04-06 05:35:33',13),(262,404,'2018-04-06 05:35:33',14),(263,500,'2018-04-06 05:35:34',15),(264,999,'2018-04-06 05:35:34',16),(265,200,'2018-04-06 05:37:31',1),(266,200,'2018-04-06 05:37:32',2),(267,200,'2018-04-06 05:37:33',13),(268,404,'2018-04-06 05:37:34',14),(269,500,'2018-04-06 05:37:34',15),(270,999,'2018-04-06 05:37:34',16),(271,200,'2018-04-06 05:39:31',1),(272,200,'2018-04-06 05:39:32',2),(273,200,'2018-04-06 05:39:33',13),(274,404,'2018-04-06 05:39:34',14),(275,500,'2018-04-06 05:39:34',15),(276,999,'2018-04-06 05:39:34',16),(277,200,'2018-04-06 05:41:31',1),(278,200,'2018-04-06 05:41:32',2),(279,200,'2018-04-06 05:41:33',13),(280,404,'2018-04-06 05:41:34',14),(281,500,'2018-04-06 05:41:34',15),(282,999,'2018-04-06 05:41:34',16),(283,200,'2018-04-06 05:43:31',1),(284,200,'2018-04-06 05:43:32',2),(285,200,'2018-04-06 05:43:33',13),(286,404,'2018-04-06 05:43:33',14),(287,500,'2018-04-06 05:43:34',15),(288,999,'2018-04-06 05:43:34',16),(289,200,'2018-04-06 05:45:31',1),(290,200,'2018-04-06 05:45:33',2),(291,200,'2018-04-06 05:45:35',13),(292,404,'2018-04-06 05:45:35',14),(293,500,'2018-04-06 05:45:35',15),(294,999,'2018-04-06 05:45:35',16),(295,200,'2018-04-09 04:51:47',1),(296,200,'2018-04-09 04:51:48',2),(297,200,'2018-04-09 04:51:49',13),(298,404,'2018-04-09 04:51:49',14),(299,500,'2018-04-09 04:51:50',15),(300,999,'2018-04-09 04:51:50',16),(301,200,'2018-04-09 04:53:47',1),(302,200,'2018-04-09 04:53:47',2),(303,200,'2018-04-09 04:53:49',13),(304,404,'2018-04-09 04:53:49',14),(305,500,'2018-04-09 04:53:49',15),(306,999,'2018-04-09 04:53:49',16),(307,200,'2018-04-09 04:55:47',1),(308,200,'2018-04-09 04:55:47',2),(309,200,'2018-04-09 04:55:49',13),(310,404,'2018-04-09 04:55:49',14),(311,500,'2018-04-09 04:55:49',15),(312,999,'2018-04-09 04:55:49',16),(313,200,'2018-04-09 04:57:47',1),(314,200,'2018-04-09 04:57:48',2),(315,200,'2018-04-09 04:57:49',13),(316,404,'2018-04-09 04:57:49',14),(317,500,'2018-04-09 04:57:49',15),(318,999,'2018-04-09 04:57:49',16),(319,200,'2018-04-09 04:59:47',1),(320,200,'2018-04-09 04:59:47',2),(321,200,'2018-04-09 04:59:49',13),(322,404,'2018-04-09 04:59:49',14),(323,500,'2018-04-09 04:59:49',15),(324,999,'2018-04-09 04:59:49',16),(325,200,'2018-04-09 05:01:47',1),(326,200,'2018-04-09 05:01:48',2),(327,200,'2018-04-09 05:01:49',13),(328,404,'2018-04-09 05:01:49',14),(329,500,'2018-04-09 05:01:49',15),(330,999,'2018-04-09 05:01:49',16),(331,200,'2018-04-09 05:03:47',1),(332,200,'2018-04-09 05:03:48',2),(333,200,'2018-04-09 05:03:49',13),(334,404,'2018-04-09 05:03:50',14),(335,500,'2018-04-09 05:03:50',15),(336,999,'2018-04-09 05:03:50',16),(337,200,'2018-04-09 05:05:47',1),(338,200,'2018-04-09 05:05:48',2),(339,200,'2018-04-09 05:05:49',13),(340,404,'2018-04-09 05:05:49',14),(341,500,'2018-04-09 05:05:50',15),(342,999,'2018-04-09 05:05:50',16),(343,200,'2018-04-09 05:07:47',1),(344,200,'2018-04-09 05:07:48',2),(345,200,'2018-04-09 05:07:49',13),(346,404,'2018-04-09 05:07:49',14),(347,500,'2018-04-09 05:07:49',15),(348,999,'2018-04-09 05:07:49',16),(349,200,'2018-04-09 05:09:47',1),(350,200,'2018-04-09 05:09:48',2),(351,200,'2018-04-09 05:09:49',13),(352,404,'2018-04-09 05:09:49',14),(353,500,'2018-04-09 05:09:49',15),(354,999,'2018-04-09 05:09:49',16),(355,200,'2018-04-09 05:11:47',1),(356,200,'2018-04-09 05:11:48',2),(357,200,'2018-04-09 05:11:49',13),(358,404,'2018-04-09 05:11:49',14),(359,500,'2018-04-09 05:11:50',15),(360,999,'2018-04-09 05:11:50',16),(361,200,'2018-04-09 05:13:47',1),(362,200,'2018-04-09 05:13:48',2),(363,200,'2018-04-09 05:13:49',13),(364,404,'2018-04-09 05:13:49',14),(365,500,'2018-04-09 05:13:49',15),(366,999,'2018-04-09 05:13:49',16),(367,200,'2018-04-09 05:15:47',1),(368,200,'2018-04-09 05:15:47',2),(369,200,'2018-04-09 05:15:49',13),(370,404,'2018-04-09 05:15:49',14),(371,500,'2018-04-09 05:15:49',15),(372,999,'2018-04-09 05:15:49',16),(377,200,'2018-04-09 05:31:36',1),(378,200,'2018-04-09 05:31:37',2),(379,200,'2018-04-09 05:31:38',13),(380,404,'2018-04-09 05:31:38',14),(381,500,'2018-04-09 05:31:38',15),(382,999,'2018-04-09 05:31:38',16),(384,200,'2018-04-09 05:34:06',1),(385,200,'2018-04-09 05:34:07',2),(386,200,'2018-04-09 05:34:08',13),(387,404,'2018-04-09 05:34:08',14),(388,500,'2018-04-09 05:34:09',15),(389,999,'2018-04-09 05:34:09',16),(390,200,'2018-04-09 05:34:30',1),(391,200,'2018-04-09 05:34:31',2),(392,200,'2018-04-09 05:34:32',13),(393,404,'2018-04-09 05:34:33',14),(394,500,'2018-04-09 05:34:33',15),(395,999,'2018-04-09 05:34:33',16),(396,200,'2018-04-09 05:35:03',1),(397,200,'2018-04-09 05:35:04',2),(398,200,'2018-04-09 05:35:05',13),(399,404,'2018-04-09 05:35:06',14),(400,500,'2018-04-09 05:35:06',15),(401,999,'2018-04-09 05:35:06',16),(402,200,'2018-04-09 05:47:34',1),(403,200,'2018-04-09 05:47:35',2),(404,200,'2018-04-09 05:47:36',13),(405,404,'2018-04-09 05:47:37',14),(406,500,'2018-04-09 05:47:37',15),(407,999,'2018-04-09 05:47:37',16),(408,200,'2018-04-09 05:48:10',1),(409,200,'2018-04-09 05:48:11',2),(410,200,'2018-04-09 05:48:12',13),(411,404,'2018-04-09 05:48:12',14),(412,500,'2018-04-09 05:48:12',15),(413,999,'2018-04-09 05:48:12',16),(418,200,'2018-04-09 05:58:17',1),(419,200,'2018-04-09 05:58:18',2),(420,200,'2018-04-09 05:58:19',13),(421,404,'2018-04-09 05:58:20',14),(422,500,'2018-04-09 05:58:20',15),(423,999,'2018-04-09 05:58:21',16),(424,200,'2018-04-09 05:58:27',1),(425,200,'2018-04-09 05:58:28',2),(426,200,'2018-04-09 05:58:30',13),(427,404,'2018-04-09 05:58:30',14),(428,500,'2018-04-09 05:58:30',15),(429,999,'2018-04-09 05:58:31',16),(430,200,'2018-04-09 05:58:37',1),(431,200,'2018-04-09 05:58:38',2),(432,200,'2018-04-09 05:58:39',13),(433,404,'2018-04-09 05:58:40',14),(434,500,'2018-04-09 05:58:41',15),(435,999,'2018-04-09 05:58:41',16),(436,200,'2018-04-09 05:58:47',1),(437,200,'2018-04-09 05:58:48',2),(438,200,'2018-04-09 05:58:49',13),(439,404,'2018-04-09 05:58:50',14),(440,500,'2018-04-09 05:58:50',15),(441,999,'2018-04-09 05:58:51',16),(442,200,'2018-04-09 06:05:34',1),(443,200,'2018-04-09 06:05:35',2),(444,200,'2018-04-09 06:05:37',13),(445,404,'2018-04-09 06:05:37',14),(446,500,'2018-04-09 06:05:37',15),(447,999,'2018-04-09 06:05:38',16),(448,200,'2018-04-09 06:05:44',1),(449,200,'2018-04-09 06:05:45',2),(450,200,'2018-04-09 06:05:46',13),(451,404,'2018-04-09 06:05:47',14),(452,500,'2018-04-09 06:05:47',15),(453,999,'2018-04-09 06:05:53',16),(454,200,'2018-04-09 06:07:36',1),(455,200,'2018-04-09 06:07:37',2),(456,200,'2018-04-09 06:07:38',13),(457,404,'2018-04-09 06:07:38',14),(458,500,'2018-04-09 06:07:39',15),(459,999,'2018-04-09 06:07:39',16),(460,200,'2018-04-09 06:07:46',1),(461,200,'2018-04-09 06:07:47',2),(462,200,'2018-04-09 06:07:48',13),(463,404,'2018-04-09 06:07:48',14),(464,500,'2018-04-09 06:07:49',15),(465,999,'2018-04-09 06:07:49',16),(466,200,'2018-04-09 06:15:28',1),(467,200,'2018-04-09 06:15:29',2),(468,200,'2018-04-09 06:15:30',13),(469,404,'2018-04-09 06:15:30',14),(470,500,'2018-04-09 06:15:31',15),(471,999,'2018-04-09 06:15:31',16),(472,200,'2018-04-09 06:15:38',1),(473,200,'2018-04-09 06:15:38',2),(474,200,'2018-04-09 06:15:39',13),(475,404,'2018-04-09 06:15:40',14),(476,500,'2018-04-09 06:15:40',15),(477,999,'2018-04-09 06:15:41',16),(478,200,'2018-04-09 06:15:48',1),(479,200,'2018-04-09 06:15:48',2),(480,200,'2018-04-09 06:15:50',13),(481,404,'2018-04-09 06:15:50',14),(482,500,'2018-04-09 06:15:51',15),(483,999,'2018-04-09 06:15:51',16);
UNLOCK TABLES;
